Decks,Tiers
"Abuelo, Ancestral Echo",1
Admiral Beckett Brass,1
"Alquist Proft, Master Sleuth",1
Anax and Cymede,1
"Angrath, the Flame-Chained",1
"Anim Pakal, Thousandth Moon",1
"Arabella, Abandoned Doll",1
"Ash, Party Crasher",1
"Atraxa, Grand Unifier",1
"Aurelia, Exemplar of Justice",1
"Azor, the Lawbringer",1
"Baylen, the Haymaker",1
Beluna Grandsquall,1
Brion Stoutarm,1
"Brokkos, Apex of Forever",1
"Byrke, Long Ear of the Law",1
"Camellia, the Seedmiser",1
"Captain Howler, Sea Scourge",1
Chandra Nalaar,1
"Chandra, Bold Pyromancer",1
"Chandra, Dressed to Kill",1
"Chandra, Fire Artisan",1
"Chandra, Flamecaller",1
"Chandra, Hope's Beacon",1
"Chandra, Torch of Defiance",1
"Choco, Seeker of Paradise",1
"Cormela, Glamour Thief",1
Cromat,1
"Dennick, Pious Apprentice",1
"Depala, Pilot Exemplar",1
"Dina, Soul Steeper",1
Domri Rade,1
Dovin Baan,1
"Dovin, Grand Arbiter",1
"Elenda, the Dusk Rose",1
Eshki Dragonclaw,1
"Esika, God of the Tree // The Prismatic Bridge",1
"Etrata, the Silencer",1
Ezio Auditore Da Firenze,1
"Falco Spara, Pactweaver",1
"Far Fortune, End Boss",1
"Finneas, Ace Archer",1
"Florian, Voldaren Scion",1
"Gev, Scaled Scorch",1
Gideon Jura,1
"Glarb, Calamity's Augur",1
"Greta, Sweettooth Scourge",1
"Hama Pashar, Ruin Seeker",1
"Hapatra, Vizier of Poisons",1
"Harbin, Vanguard Aviator",1
"Helga, Skittish Seer",1
"Huatli, Poet of Unity",1
Hylda of the Icy Crown,1
"Illuna, Apex of Wishes",1
"Isperia, Supreme Judge",1
"Jodah, the Unifier",1
"Johann, Apprentice Sorcerer",1
"Judith, the Scourge Diva",1
Kaito Shizuki,1
"Kaito, Bane of Nightmares",1
"Kalain, Reclusive Painter",1
"Kellan, the Kid",1
"Kolodin, Triumph Caster",1
"Korvold, Fae-Cursed King",1
"Kutzil, Malamet Exemplar",1
"Kyodai, Soul of Kamigawa",1
"Lagorin, Soul of Alacria",1
"Lagrella, the Magpie",1
"Liesa, Forgotten Archangel",1
"Lightning, Army of One",1
Liliana of the Veil,1
"Loot, the Pathfinder",1
"Lord Skitter, Sewer King",1
"Lukka, Bound to Ruin",1
Lurrus of the Dream-Den,1
"Mabel, Heir to Cragflame",1
"Malcolm, Alluring Scoundrel",1
"Marchesa, Dealer of Death",1
Marina Vendrell,1
"Mendicant Core, Guidelight",1
"Migloz, Maze Crusher",1
"Miriam, Herd Whisperer",1
"Mishra, Claimed by Gix",1
"Nahiri, the Harbinger",1
"Nashi, Searcher in the Dark",1
"Neriv, Heart of the Storm",1
"Nicanzil, Current Conductor",1
"Nicol Bolas, Dragon-God",1
"Niko, Light of Hope",1
Nissa of Shadowed Boughs,1
"Nissa, Who Shakes the World",1
"Niv-Mizzet, Guildpact",1
"Ob Nixilis, the Adversary",1
"Obyra, Dreaming Duelist",1
"Oko, Thief of Crowns",1
"Oko, the Ringleader",1
"Olivia, Mobilized for War",1
"Omnath, Locus of Mana",1
Quintorius Kand,1
"Raff Capashen, Ship's Mage",1
"Raffine, Scheming Seer",1
Rafiq of the Many,1
"Ral, Crackling Wit",1
"Rem Karolus, Stalwart Slayer",1
Rhys the Exiled,1
"Rip, Spawn Hunter",1
"Rocco, Street Chef",1
"Saheeli, Filigree Master",1
Sarkhan Unbroken,1
Satoru Umezawa,1
"Satsuki, the Living Lore",1
Scion of the Ur-Dragon,1
"Shaile, Dean of Radiance // Embrose, Dean of Shadow",1
Sharae of Numbing Depths,1
Sharuum the Hegemon,1
"Sigarda, Champion of Light",1
"Sigarda, Host of Herons",1
"Skithiryx, the Blight Dragon",1
"Snapdax, Apex of the Hunt",1
"Sorin, Lord of Innistrad",1
"Sygg, River Guide",1
"Syr Gwyn, Hero of Ashvale",1
"Talion, the Kindly Lord",1
Teysa Karlov,1
"Tezzeret, Agent of Bolas",1
Thalia and The Gitrog Monster,1
The Mindskinner,1
The Mycotyrant,1
The Royal Scions,1
The Swarmweaver,1
The Wandering Emperor,1
The Wandering Rescuer,1
Thraximundar,1
"Titania, Voice of Gaea",1
"Totentanz, Swarm Piper",1
"Tovolar, Dire Overlord",1
"Vadrik, Astral Archmage",1
"Venser, Corpse Puppet",1
"Vial Smasher, Gleeful Grenadier",1
"Vito, Fanatic of Aclazotz",1
"Vivien, Monsters' Advocate",1
"Vohar, Vodalian Desecrator",1
"Voja, Jaws of the Conclave",1
Vorinclex,1
"Vraska, Relic Seeker",1
"Winter, Misanthropic Guide",1
Wrenn and Seven,1
"Wydwen, the Biting Gale",1
"Wylie Duke, Atiin Hero",1
"Yargle, Glutton of Urborg",1
"Yasharn, Implacable Earth",1
"Yenna, Redtooth Regent",1
"Ziatora, the Incinerator",1
"Zoraline, Cosmos Caller",1
Zurgo and Ojutai,1
"Zurgo, Thunder's Decree",1
